model_name,avg_inference_time_s,std_dev_time_s,peak_gpu_memory_mb,avg_gpu_power_w
distilled_models_imdb_int8/distilled_distilbert_imdb_int8_ptq_onnx,0.0025670425415039062,0.000794676675785312,910.0625,168.2369094000011
distilled_models_imdb_int8/distilled_distilroberta_imdb_int8_ptq_onnx,0.002806817102432251,6.422110331867639e-05,1066.0625,183.89666200000008
distilled_models_imdb_int8/distilled_minilm_imdb_int8_ptq_onnx,0.003428360080718994,0.0001508572283305299,910.0625,158.49625679999997
distilled_models_imdb_int8/distilled_tinybert_imdb_int8_ptq_onnx,0.0013410003662109374,5.491139232677667e-05,942.0625,146.48246919999994
