model_name,avg_inference_time_s,std_dev_time_s,peak_gpu_memory_mb,avg_gpu_power_w
fine_tuned_roberta_large_tweeteval_sentiment,0.009058237409591675,0.0010068999999984873,2026.0625,207.6694078000023
distilled_distilroberta_tweeteval_best,0.0026292495250701906,6.601412279855317e-05,2026.0625,110.12981299999991
distilled_distilbert_tweeteval_best,0.0024013932704925536,8.858014023221566e-05,2026.0625,101.42958660000062
distilled_minilm_tweeteval_best,0.0046340547561645505,9.610897333871382e-05,2056.0625,87.91916060000025
distilled_tinybert_tweeteval_best,0.0018145597457885742,4.0872249054519125e-05,2056.0625,83.30609519999922
